CREATE TABLE admins (
  id INT AUTO_INCREMENT PRIMARY KEY,
  email VARCHAR(190) NOT NULL UNIQUE,
  password_hash VARCHAR(255) NOT NULL DEFAULT '',
  created_at DATETIME NOT NULL
);

CREATE TABLE products (
  id INT AUTO_INCREMENT PRIMARY KEY,
  slug VARCHAR(190) NOT NULL UNIQUE,
  category VARCHAR(32) NOT NULL,
  price DECIMAL(10,2) NOT NULL,
  discount_percent TINYINT NOT NULL DEFAULT 0,
  status VARCHAR(16) NOT NULL DEFAULT 'active',
  is_new TINYINT NOT NULL DEFAULT 0,
  is_bestseller TINYINT NOT NULL DEFAULT 0,
  title_az VARCHAR(255) NOT NULL,
  title_ru VARCHAR(255) NOT NULL,
  title_en VARCHAR(255) NOT NULL,
  short_desc_az TEXT,
  short_desc_ru TEXT,
  short_desc_en TEXT,
  full_desc_az TEXT,
  full_desc_ru TEXT,
  full_desc_en TEXT,
  created_at DATETIME NOT NULL,
  updated_at DATETIME NOT NULL
);

CREATE TABLE product_images (
  id INT AUTO_INCREMENT PRIMARY KEY,
  product_id INT NOT NULL,
  file_path VARCHAR(255) NOT NULL,
  is_primary TINYINT NOT NULL DEFAULT 0,
  sort_order INT NOT NULL DEFAULT 0,
  FOREIGN KEY (product_id) REFERENCES products(id) ON DELETE CASCADE
);

CREATE TABLE categories (
  id INT AUTO_INCREMENT PRIMARY KEY,
  slug VARCHAR(64) NOT NULL UNIQUE,
  name_az VARCHAR(255) NOT NULL,
  name_ru VARCHAR(255) NOT NULL,
  name_en VARCHAR(255) NOT NULL,
  sort_order INT NOT NULL DEFAULT 0,
  created_at DATETIME NOT NULL
);

CREATE TABLE settings (
  id INT PRIMARY KEY,
  instagram_url VARCHAR(255) DEFAULT '',
  whatsapp_number VARCHAR(64) DEFAULT '',
  site_title_az VARCHAR(255) DEFAULT '',
  site_title_ru VARCHAR(255) DEFAULT '',
  site_title_en VARCHAR(255) DEFAULT '',
  topbar_text_az VARCHAR(255) DEFAULT '',
  topbar_text_ru VARCHAR(255) DEFAULT '',
  topbar_text_en VARCHAR(255) DEFAULT '',
  delivery_text_az VARCHAR(255) DEFAULT '',
  delivery_text_ru VARCHAR(255) DEFAULT '',
  delivery_text_en VARCHAR(255) DEFAULT '',
  hero_tagline_az VARCHAR(255) DEFAULT '',
  hero_tagline_ru VARCHAR(255) DEFAULT '',
  hero_tagline_en VARCHAR(255) DEFAULT '',
  hero_title_az VARCHAR(255) DEFAULT '',
  hero_title_ru VARCHAR(255) DEFAULT '',
  hero_title_en VARCHAR(255) DEFAULT '',
  hero_subtitle_az TEXT,
  hero_subtitle_ru TEXT,
  hero_subtitle_en TEXT,
  hero_location_az VARCHAR(255) DEFAULT '',
  hero_location_ru VARCHAR(255) DEFAULT '',
  hero_location_en VARCHAR(255) DEFAULT '',
  home_gift_title_az VARCHAR(255) DEFAULT '',
  home_gift_title_ru VARCHAR(255) DEFAULT '',
  home_gift_title_en VARCHAR(255) DEFAULT '',
  home_gift_text_az TEXT,
  home_gift_text_ru TEXT,
  home_gift_text_en TEXT,
  about_title_az VARCHAR(255) DEFAULT '',
  about_title_ru VARCHAR(255) DEFAULT '',
  about_title_en VARCHAR(255) DEFAULT '',
  about_subtitle_az VARCHAR(255) DEFAULT '',
  about_subtitle_ru VARCHAR(255) DEFAULT '',
  about_subtitle_en VARCHAR(255) DEFAULT '',
  about_text_1_az TEXT,
  about_text_1_ru TEXT,
  about_text_1_en TEXT,
  about_text_2_az TEXT,
  about_text_2_ru TEXT,
  about_text_2_en TEXT,
  give_steps_title_az VARCHAR(255) DEFAULT '',
  give_steps_title_ru VARCHAR(255) DEFAULT '',
  give_steps_title_en VARCHAR(255) DEFAULT '',
  give_step_1_az VARCHAR(255) DEFAULT '',
  give_step_1_ru VARCHAR(255) DEFAULT '',
  give_step_1_en VARCHAR(255) DEFAULT '',
  give_step_2_az VARCHAR(255) DEFAULT '',
  give_step_2_ru VARCHAR(255) DEFAULT '',
  give_step_2_en VARCHAR(255) DEFAULT '',
  give_step_3_az VARCHAR(255) DEFAULT '',
  give_step_3_ru VARCHAR(255) DEFAULT '',
  give_step_3_en VARCHAR(255) DEFAULT '',
  giveaway_winner_title_az VARCHAR(255) DEFAULT '',
  giveaway_winner_title_ru VARCHAR(255) DEFAULT '',
  giveaway_winner_title_en VARCHAR(255) DEFAULT '',
  default_meta_description_az TEXT,
  default_meta_description_ru TEXT,
  default_meta_description_en TEXT,
  og_image_path VARCHAR(255) DEFAULT '',
  giveaway_status VARCHAR(8) DEFAULT 'OFF',
  giveaway_terms_az TEXT,
  giveaway_terms_ru TEXT,
  giveaway_terms_en TEXT,
  giveaway_winner_text_az TEXT,
  giveaway_winner_text_ru TEXT,
  giveaway_winner_text_en TEXT,
  gift_title_az VARCHAR(255) DEFAULT '',
  gift_title_ru VARCHAR(255) DEFAULT '',
  gift_title_en VARCHAR(255) DEFAULT '',
  gift_description_az TEXT,
  gift_description_ru TEXT,
  gift_description_en TEXT,
  gift_image_path VARCHAR(255) DEFAULT '',
  campaign_status VARCHAR(8) DEFAULT 'OFF',
  campaign_title_az VARCHAR(255) DEFAULT '',
  campaign_title_ru VARCHAR(255) DEFAULT '',
  campaign_title_en VARCHAR(255) DEFAULT '',
  campaign_text_az TEXT,
  campaign_text_ru TEXT,
  campaign_text_en TEXT,
  campaign_image_path VARCHAR(255) DEFAULT '',
  campaign_end_datetime DATETIME,
  updated_at DATETIME
);

CREATE TABLE orders (
  id INT AUTO_INCREMENT PRIMARY KEY,
  created_at DATETIME NOT NULL,
  status VARCHAR(16) NOT NULL DEFAULT 'new',
  customer_name VARCHAR(190) NOT NULL,
  customer_phone VARCHAR(64) NOT NULL,
  city VARCHAR(64) NOT NULL,
  address VARCHAR(255) DEFAULT '',
  delivery_type VARCHAR(32) NOT NULL,
  note TEXT,
  quantity INT NOT NULL,
  product_id INT NULL,
  lang VARCHAR(4) NOT NULL,
  order_text_snapshot TEXT,
  FOREIGN KEY (product_id) REFERENCES products(id) ON DELETE SET NULL
);

CREATE TABLE login_attempts (
  id INT AUTO_INCREMENT PRIMARY KEY,
  ip VARCHAR(64) NOT NULL,
  attempts INT NOT NULL DEFAULT 0,
  last_attempt_at DATETIME NOT NULL
);

INSERT INTO admins (email, password_hash, created_at)
VALUES ('powergirls@admin.local', '$2y$10$GQY3kfmldhY5kfNP39CsdOIweqXZGlq5JSpaU.ilpi7lvDX1erEmy', NOW());

INSERT INTO categories (slug, name_az, name_ru, name_en, sort_order, created_at) VALUES
('women', 'Qadin', 'Zhenschinam', 'Women', 1, NOW()),
('kids', 'Usaq', 'Detyam', 'Kids', 2, NOW());

INSERT INTO settings (
  id, instagram_url, whatsapp_number,
  site_title_az, site_title_ru, site_title_en,
  topbar_text_az, topbar_text_ru, topbar_text_en,
  delivery_text_az, delivery_text_ru, delivery_text_en,
  hero_tagline_az, hero_tagline_ru, hero_tagline_en,
  hero_title_az, hero_title_ru, hero_title_en,
  hero_subtitle_az, hero_subtitle_ru, hero_subtitle_en,
  hero_location_az, hero_location_ru, hero_location_en,
  home_gift_title_az, home_gift_title_ru, home_gift_title_en,
  home_gift_text_az, home_gift_text_ru, home_gift_text_en,
  about_title_az, about_title_ru, about_title_en,
  about_subtitle_az, about_subtitle_ru, about_subtitle_en,
  about_text_1_az, about_text_1_ru, about_text_1_en,
  about_text_2_az, about_text_2_ru, about_text_2_en,
  give_steps_title_az, give_steps_title_ru, give_steps_title_en,
  give_step_1_az, give_step_1_ru, give_step_1_en,
  give_step_2_az, give_step_2_ru, give_step_2_en,
  give_step_3_az, give_step_3_ru, give_step_3_en,
  giveaway_winner_title_az, giveaway_winner_title_ru, giveaway_winner_title_en,
  default_meta_description_az, default_meta_description_ru, default_meta_description_en,
  og_image_path,
  giveaway_status, giveaway_terms_az, giveaway_terms_ru, giveaway_terms_en,
  giveaway_winner_text_az, giveaway_winner_text_ru, giveaway_winner_text_en,
  gift_title_az, gift_title_ru, gift_title_en,
  gift_description_az, gift_description_ru, gift_description_en,
  gift_image_path,
  campaign_status, campaign_title_az, campaign_title_ru, campaign_title_en,
  campaign_text_az, campaign_text_ru, campaign_text_en,
  campaign_image_path,
  campaign_end_datetime, updated_at
) VALUES (
  1,
  'https://instagram.com/powergirls.az', '994501234567',
  'powergirls.az', 'powergirls.az', 'powergirls.az',
  'Rayonlara poctla catdirilma', 'Dostavka v regiony pochtoy', 'Postal delivery to regions',
  'Sifaris: Instagram DM / WhatsApp', 'Zakaz: Instagram DM / WhatsApp', 'Order: Instagram DM / WhatsApp',
  'Luxury boutique', 'Luxury boutique', 'Luxury boutique',
  'powergirls.az ile zeriflik', 'Elegance with powergirls.az', 'Elegance with powergirls.az',
  'Qadin ve usaqlar ucun premium aksesuarlar.', 'Premialnye aksessuary dlya zhenshchin i detey.', 'Premium accessories for women and kids.',
  'Samkir & Online', 'Samkir & Online', 'Samkir & Online',
  'Gift', 'Gift', 'Gift',
  'Hediyye ucun hazir', 'Gotovo dlya podarka', 'Gift ready',
  'Haqqimizda', 'O nas', 'About',
  'Zeriflik, minimalizm ve keyfiyyet', 'Elegantnost, minimalizm i kachestvo', 'Elegance, minimalism, quality',
  'powergirls.az - qadin ve usaq aksesuarlarinda premium secimler teklif edir.', 'powergirls.az - butik premium aksessuarov.', 'powergirls.az is a boutique brand.',
  'Her bir mehsul secimi rahatliq ve zeriflik balansidir.', 'Balans komforta i izyskannosti.', 'Each product balances comfort and elegance.',
  'Addimlar', 'Shagi', 'Steps',
  'Sehifeni izleyin', 'Podpishites na stranicu', 'Follow the page',
  'Paylasin ve dostunuzu tag edin', 'Podelites i otmette druga', 'Share and tag a friend',
  'Neticeleri gozleyin', 'Zhdi rezultaty', 'Wait for results',
  'Qalibler', 'Pobediteli', 'Winners',
  'Premium qadin ve usaq aksesuarlari.', 'Premialnye aksessuary dlya zhenshchin i detey.', 'Premium accessories for women and kids.',
  'assets/images/product-01.svg',
  'ON', 'Takip artdiqda hediyye cekilisi kampaniyalari.', 'Rozigrish pri roste podpischikov.', 'Giveaway when followers grow.',
  'Qalibler Instagram-da elan olunacaq.', 'Pobediteli budut v Instagram.', 'Winners will be on Instagram.',
  '', '', '',
  '', '', '',
  '',
  'ON', 'Endirim Kampaniyasi', 'Skidochnaya kampaniya', 'Discount Campaign',
  'Secilmis mehsullarda xususi endirimler.', 'Skidki na vybrannye tovary.', 'Special discounts on selected products.',
  '',
  DATE_ADD(NOW(), INTERVAL 10 DAY), NOW()
);

INSERT INTO products (slug, category, price, discount_percent, status, is_new, is_bestseller, title_az, title_ru, title_en, short_desc_az, short_desc_ru, short_desc_en, full_desc_az, full_desc_ru, full_desc_en, created_at, updated_at) VALUES
('saffron-pearl-hoop','women',79.00,10,'active',1,1,'Saffron Pearl Hoop','Saffron Pearl Hoop','Saffron Pearl Hoop','Zerif inciler ve yungen halqa.','Nezhnye zhemchuzhiny i legkie koltsa.','Delicate pearls with a light hoop.','Premium inciler, uzunomurlu parilti.','Premialnye zhemchuzhiny i stoykiy blesk.','Premium pearls with lasting shine.',NOW(),NOW()),
('gold-leaf-earrings','women',65.00,0,'active',1,0,'Golden Leaf Earrings','Serqi Golden Leaf','Golden Leaf Earrings','Minimal qizili yarpaq dizayni.','Minimalistichnyy dizayn lista.','Minimal golden leaf design.','Gundelik ve xusus i gunler ucun.','Dlya povsednevnykh i osobykh dney.','For daily and special occasions.',NOW(),NOW()),
('ivory-charm-bracelet','women',92.00,15,'active',0,1,'Ivory Charm Bracelet','Braslet Ivory Charm','Ivory Charm Bracelet','Saten toxunuslu charm bracelet.','Braslet s satinovym effektom.','Satin-touch charm bracelet.','Zeriflik ve komfort balans.','Balans elegantnosti i komforta.','Balanced elegance and comfort.',NOW(),NOW()),
('saffron-ring-set','women',54.00,0,'active',1,0,'Saffron Ring Set','Nabor kolets Saffron','Saffron Ring Set','3-lu zerif uzuk seti.','Nabor iz 3 kolets.','Set of 3 elegant rings.','Her gun ucun uygun.','Podkhodit dlya kazhdogo dnya.','Perfect for everyday.',NOW(),NOW()),
('rose-velvet-choker','women',48.00,5,'active',0,0,'Rose Velvet Choker','Choker Rose Velvet','Rose Velvet Choker','Velvet material, luxury vibe.','Barkhat, luxury vibe.','Velvet texture, luxury vibe.','Axsam looklari ucun ideal.','Idealno dlya vechernikh obrazov.','Ideal for evening looks.',NOW(),NOW()),
('saffron-anklet','women',38.00,0,'active',0,0,'Saffron Anklet','Braslet na nogu Saffron','Saffron Anklet','Yay ucun minimal anklet.','Minimalistichnyy anklet dlya leta.','Minimal summer anklet.','Qizili tonlar.','Zolotistye tona.','Warm golden tones.',NOW(),NOW()),
('classic-stud-set','women',72.00,20,'active',0,1,'Classic Stud Set','Nabor Classic Stud','Classic Stud Set','2-lu stud earrings.','Nabor iz 2 par.','Two-pair stud set.','Her look-a uygun.','Podkhodit lyubomu stilyu.','Fits any look.',NOW(),NOW()),
('saffron-brooch','women',58.00,0,'active',1,0,'Saffron Brooch','Brosh Saffron','Saffron Brooch','Palto ve sal ucun ideal.','Idealno dlya palto i sharfa.','Ideal for coats and scarves.','Zerif brosh detal??.','Nezhnyy brosh detal.','Delicate brooch detail.',NOW(),NOW()),
('gold-thread-necklace','women',99.00,12,'active',0,1,'Gold Thread Necklace','Kole Gold Thread','Gold Thread Necklace','Zerif qizili xett.','Tonkaya zolotaya liniya.','Fine golden line.','Minimal, editorial.','Minimalizm i editorial.','Minimal, editorial.',NOW(),NOW()),
('pearl-drop-earrings','women',84.00,0,'active',0,0,'Pearl Drop Earrings','Serqi Pearl Drop','Pearl Drop Earrings','Klassik drop inciler.','Klassicheskie sergi-kapli.','Classic pearl drops.','Zamani olmayan dizayn.','Vnevremennoy dizayn.','Timeless design.',NOW(),NOW()),
('kids-sunbow-hairpin','kids',18.00,0,'active',1,1,'Sunbow Hairpin','Detskaya zakolka Sunbow','Sunbow Hairpin','Rengli sac tokasi.','Tsvetnaya zakolka.','Colorful hairpin.','Usaqlar ucun tehlukesiz.','Bezopasno dlya detey.','Safe for kids.',NOW(),NOW()),
('kids-roseband','kids',22.00,10,'active',0,1,'Roseband Headband','Obodok Roseband','Roseband Headband','Gul detal?? ile obodok.','Obodok s tsvetkom.','Headband with floral detail.','Yumsag material.','Myagkiy material.','Soft material.',NOW(),NOW()),
('kids-star-bracelet','kids',16.00,0,'active',1,0,'Star Bracelet','Detskiy braslet Star','Star Bracelet','Ulduz charm ile.','S podveskoy-zvezdoy.','With star charm.','Sevimli dizayn.','Milyy dizayn.','Cute design.',NOW(),NOW()),
('kids-lilac-bow','kids',19.00,5,'active',0,0,'Lilac Bow Clip','Zakolka Lilac Bow','Lilac Bow Clip','Lila rengli bant.','Lilovaya lenta.','Lilac ribbon bow.','Foto ucun ideal.','Idealno dlya foto.','Perfect for photos.',NOW(),NOW()),
('kids-pearl-pin','kids',21.00,0,'active',1,0,'Pearl Pin','Zakolka Pearl','Pearl Pin','Kicik inci detallar.','Malenkie zhemchuzhiny.','Small pearl details.','Zerif ve yumsag toxunus.','Nezhnyy i myagkiy aktsent.','Gentle and soft accent.',NOW(),NOW()),
('kids-saffron-brooch','kids',17.00,0,'active',0,0,'Mini Saffron Brooch','Mini brosh Saffron','Mini Saffron Brooch','Kicik brosh.','Mini brosh.','Mini brooch.','Hediyye ucun gozel.','Otlichno dlya podarka.','Great for gifting.',NOW(),NOW()),
('kids-ribbon-set','kids',24.00,15,'active',0,1,'Ribbon Set','Nabor Ribbon','Ribbon Set','3-lu sac lenti seti.','Nabor iz 3 lent.','Set of 3 ribbons.','Gunluk istifade ucun rahat.','Udobno dlya kazhdogo dnya.','Comfortable for daily use.',NOW(),NOW()),
('kids-gold-dots','kids',20.00,0,'active',1,0,'Gold Dots Clip','Zakolka Gold Dots','Gold Dots Clip','Qizili noqteler.','Zolotye tochki.','Golden dots detail.','Parlaq ve sade dizayn.','Yarkiy i prostoy dizayn.','Bright and simple design.',NOW(),NOW());

INSERT INTO product_images (product_id, file_path, is_primary, sort_order) VALUES
(1,'assets/images/product-01.svg',1,0),
(2,'assets/images/product-02.svg',1,0),
(3,'assets/images/product-03.svg',1,0),
(4,'assets/images/product-04.svg',1,0),
(5,'assets/images/product-05.svg',1,0),
(6,'assets/images/product-06.svg',1,0),
(7,'assets/images/product-01.svg',1,0),
(8,'assets/images/product-02.svg',1,0),
(9,'assets/images/product-03.svg',1,0),
(10,'assets/images/product-04.svg',1,0),
(11,'assets/images/product-05.svg',1,0),
(12,'assets/images/product-06.svg',1,0),
(13,'assets/images/product-01.svg',1,0),
(14,'assets/images/product-02.svg',1,0),
(15,'assets/images/product-03.svg',1,0),
(16,'assets/images/product-04.svg',1,0),
(17,'assets/images/product-05.svg',1,0),
(18,'assets/images/product-06.svg',1,0);
